<?xml version="1.0" encoding="UTF-8"?>
<root>
  <item name="com.haimawan.paysdk.enter.HMPay void init(android.app.Activity, int, com.haimawan.paysdk.cpapi.OnCheckUpdateListener, boolean, int) 1">
    <annotation name="android.support.annotation.IntDef">
      <val name="value" val="{android.content.pm.ActivityInfo.SCREEN_ORIENTATION_PORTRAIT, android.content.pm.ActivityInfo.SCREEN_ORIENTATION_LANDSCAPE}" />
    </annotation>
  </item>
  <item name="com.haimawan.paysdk.enter.HMPay void init(android.app.Activity, int, com.haimawan.paysdk.cpapi.OnCheckUpdateListener, boolean, int) 4">
    <annotation name="android.support.annotation.IntDef">
      <val name="value" val="{com.haimawan.paysdk.enter.HMPay.NO_SHOW_DIALOG_TYPE, com.haimawan.paysdk.enter.HMPay.ONLY_SHOW_POSITIVE_DIALOG_TYPE, com.haimawan.paysdk.enter.HMPay.POSITIVE_AND_NEGATIVE_DIALOG_TYPE}" />
    </annotation>
  </item>
</root>

