{
  "device": [
    
  ], 
  "hardware": [
   
  ], 
  "version": "1.0", 
  "cpu": [
   
  ],
  "ignores": [
   
  ],
  "omx-ignores":
  [
    {"product_model":"GT-S6812C", "sdk":999},
    {"product_model":"m1 note", "sdk":999},
    {"product_model":"GT-N5110", "sdk":999},
    {"product_model":"SM-T210", "sdk":999},
    {"product_model":"SM-T211", "sdk":999},
    {"product_model":"GT-I9228", "sdk":999},
    {"product_model":"N7000", "sdk":15},
    {"product_model":"GT-I8268", "sdk":999},
	{"product_model":"MI 3", "sdk":999},
	{"product_model":"HTC 809d", "sdk":999},
	{"product_model":"LT29i", "sdk":999},
	{"product_model":"GT-N7102", "sdk":999},
	{"product_model":"vivo Xplay3S", "sdk":999},
	{"product_model":"R8007", "sdk":999},
	{"product_model":"H60-L02", "sdk":999},
	{"product_model":"HTC T528t", "sdk":999},
	{"product_model":"PE-TL20", "sdk":999},
	{"product_model":"vivo X5Max+", "sdk":999}, 
    {"product_model":"Redmi Note 2", "sdk":999}
  ]
}